Papel,empresa,setor,sub_setor,Cotação,P/L,EV/EBITDA,P/VP,ROE,Div.Yield,Cresc. Rec.5a,Dív.Brut/ Patrim.,var_mes,var_30d,var_12m
PRNR3,PRINER ON NM,Serviços Diversos,Serviços Diversos,11.65,-1672.61,4.98,2.0,-0.12,0.0,36.3,1.2,-0.43,2.92,40.87
ATOM3,ATOMPAR ON,Outros,Outros,2.14,-628.92,-11.12,2.78,-0.44,14.97,20.53,0.0,0.47,0.94,-0.37
LVTC3,WDC NETWORKS ON NM,Programas e Serviços,Programas e Serviços,4.08,-499.67,0.41,0.41,-0.08,0.33,-10.31,0.0,-2.63,-0.24,-51.14
LWSA3,LOCAWEB ON NM,Programas e Serviços,Programas e Serviços,6.13,-412.38,14.16,1.25,-0.3,0.85,41.7,0.02,2.0,2.51,-9.99
EMBR3,EMBRAER ON,Material de Transporte,Material Aeronáutico e de Defesa,21.9,-397.05,6.68,1.27,-0.32,0.0,21.6,1.12,-2.19,-5.36,45.13
MAPT4,CIA MARCOPOLO PN,Outros,Outros,40.0,-251.78,-262.57,-5.91,2.35,0.0,0.0,0.0,400.0,400.0,291.77
RRRP3,3R PETROLEUM ON NM,"Petróleo, Gás e Biocombustíveis","Exploração, Refino e Distribuição",28.58,-186.47,10.36,1.32,-0.71,0.0,153.8,1.65,8.75,4.38,-25.72
BAUH4,EXCELSIOR PN,Alimentos Processados,Carnes e Derivados,81.85,-150.66,27.36,4.32,-2.87,1.48,4.28,0.08,-0.05,9.13,-0.82
CBEE3,AMPLA ENERG ON,Energia Elétrica,Energia Elétrica,14.06,-100.66,4.59,0.67,-0.66,0.0,9.51,1.04,-5.0,-5.0,8.82
MOVI3,MOVIDA ON NM,Diversos,Aluguel de carros,10.67,-86.47,4.09,1.28,-1.48,1.13,34.47,4.52,-10.26,-9.73,33.73
CSAN3,COSAN SA INDUSTRIA E COMERCIO ON,"Petróleo, Gás e Biocombustíveis","Exploração, Refino e Distribuição",19.22,-77.95,8.13,1.95,-2.5,2.23,39.1,3.37,-0.72,9.7,15.78
OFSA3,OUROFINO S/A ON NM,Medicamentos e Outros Produtos,Medicamentos e Outros Produtos,25.5,-58.9,8.92,2.05,-3.49,1.86,14.27,0.53,-1.96,15.23,0.38
DOHL3,DOHLER ON,"Tecidos, Vestuário e Calçados",Fios e Tecidos,7.0,-56.76,232.8,0.76,-1.33,0.0,7.38,0.18,0.0,0.0,-30.0
USIM6,USIMINAS PNB N1,Siderurgia e Metalurgia,Siderurgia,15.01,-40.38,8.34,0.8,-1.99,2.19,24.25,0.26,-1.18,0.0,10.32
MGLU3,MAGAZ LUIZA ON NM,Comércio,Eletrodomésticos,2.18,-37.0,8.12,1.54,-4.17,0.0,19.5,0.78,0.93,2.35,-28.52
MNPR3,MINUPAR ON,Alimentos Processados,Carnes e Derivados,18.5,-32.57,1.72,-0.41,1.25,0.0,16.2,0.0,-2.58,-2.63,210.92
HAPV3,HAPVIDA ON NM,Serv.Méd.Hospit. Análises e Diagnósticos,Serv.Méd.Hospit. Análises e Diagnósticos,4.33,-31.87,17.01,0.66,-2.09,0.0,52.89,0.22,-2.7,-0.46,0.46
BALM3,BAUMER ON,Equipamentos,Equipamentos,11.0,-29.56,2.29,0.73,-2.48,8.06,3.82,0.15,0.0,1.47,2.52
LJQQ3,QUERO-QUERO ON NM,Comércio,Produtos Diversos,5.6,-28.41,5.96,2.08,-7.33,3.01,9.36,0.73,-7.49,4.12,29.97
RCSL3,RECRUSUL ON,Material de Transporte,Material Rodoviário,3.03,-27.89,-551.7,3324.88,-11920.7,0.0,41.9,0.0,26.25,83.64,-16.76
CSNA3,CSN ON,Siderurgia e Metalurgia,Siderurgia,17.87,-26.92,4.88,1.33,-4.96,10.97,17.89,2.45,-9.1,3.9,19.61
CLSA3,CLEARSALE ON NM,Serviços Financeiros Diversos,Serviços Financeiros Diversos,3.69,-24.73,-7.84,0.97,-3.92,0.0,6.43,0.06,-1.6,-0.54,-29.98
ALPA3,ALPARGATAS ON N1,"Tecidos, Vestuário e Calçados",Calçados,9.76,-23.68,25.48,1.24,-5.22,0.0,0.81,0.28,-6.42,2.09,-19.67
PTBL3,PORTOBELLO S/A ON,Construção e Engenharia,Produtos para Construção,6.62,-23.18,6.97,2.44,-10.54,3.17,21.51,3.12,-11.26,-5.83,-14.98
QUAL3,QUALICORP ON NM,Serv.Méd.Hospit. Análises e Diagnósticos,Serv.Méd.Hospit. Análises e Diagnósticos,3.19,-22.61,2.51,0.68,-3.02,2.48,-1.88,1.76,-6.18,0.31,-50.7
COGN3,COGNA ON,Diversos,Serviços Educacionais,3.3,-20.71,6.28,0.51,-2.47,0.0,-6.35,0.61,-5.44,-0.9,49.32
AMBP3,AMBIPAR ON NM,Água e Saneamento,Água e Saneamento,15.39,-20.26,5.25,2.6,-12.82,0.59,79.72,7.15,-5.29,-2.84,-26.53
TELB3,TELEBRAS ON,Telecomunicações,Telecomunicações,15.68,-19.95,-3.57,0.85,-4.28,0.0,58.75,0.07,0.13,-7.16,1.49
MRVE3,MRV ON NM,Construção Civil,Incorporações,8.39,-19.89,32.49,0.69,-3.45,0.0,3.85,1.12,-25.29,-11.03,7.15
ORVR3,ORIZON ON NM,Água e Saneamento,Água e Saneamento,36.61,-19.86,14.49,4.92,-24.76,0.0,40.55,1.85,-5.3,4.87,7.42
ESPA3,ESPACOLASER ON NM,Comércio,Produtos Diversos,1.09,-19.53,5.53,0.45,-2.3,0.0,14.84,1.04,-10.66,-10.66,-36.63
ANIM3,ANIMA ON NM,Diversos,Serviços Educacionais,4.45,-19.26,4.98,0.7,-3.66,0.0,38.61,1.98,-0.22,4.95,16.8
MYPK3,IOCHPE-MAXION ON,Automóveis e Motocicletas,Automóveis e Motocicletas,12.23,-18.27,4.91,0.49,-2.68,2.46,16.94,1.79,-5.12,-1.05,9.96
GUAR3,GUARARAPES CONFECÇÕES ON,Comércio,"Tecidos, Vestuário e Calçados",5.89,-18.18,5.61,0.59,-3.24,0.0,5.42,0.75,-9.94,-9.24,-2.97
OPCT3,OCEANPACT ON NM,"Petróleo, Gás e Biocombustíveis",Equipamentos e Serviços,6.06,-18.04,4.81,1.53,-8.45,0.0,52.49,1.56,-4.57,-5.02,106.83
SYNE3,SYN PROP TEC ON NM,Exploração de Imóveis,Exploração de Imóveis,4.5,-17.51,6.46,0.45,-2.6,0.0,15.16,0.67,-6.05,8.7,7.14
CASH3,MELIUZ ON NM,Programas e Serviços,Programas e Serviços,7.53,-16.77,-4.18,0.84,-4.98,0.0,28.2,0.0,-5.28,-8.51,-37.25
NORD3,NORDON INDS METALURGICAS SA ON,Máquinas e Equipamentos,Máq. e Equip. Industriais,14.99,-13.22,-366.8,-0.63,4.8,0.0,13.25,-0.24,368.44,299.73,130.62
ZAMP3,ZAMP S.A. ON,Hoteis e Restaurantes,Restaurante e Similares,5.5,-13.15,4.33,1.14,-8.65,0.0,11.28,0.87,-3.51,-14.06,-0.18
FRIO3,Metalfrio ON NM,Máquinas e Equipamentos,Máq. e Equip. Industriais,298.89,-11.86,17.82,-2.79,23.53,0.0,10.06,-3.48,24.54,198.89,864.16
AERI3,AERIS ON NM,Máquinas e Equipamentos,Máq. e Equip. Industriais,0.88,-9.99,6.09,1.34,-13.42,0.0,10.41,2.17,-2.22,4.76,-24.14
ALPK3,ESTAPAR ON NM,Serviços Diversos,Serviços Diversos,4.75,-9.52,4.46,2.71,-28.46,0.0,30.83,3.78,-0.63,8.94,155.38
ENJU3,ENJOEI ON NM,Programas e Serviços,Programas e Serviços,1.89,-8.69,-2.35,1.08,-12.45,0.0,25.24,0.0,11.83,25.17,64.35
DASA3,DIAGNOSTICOS DA AMERICA SA ON,Serv.Méd.Hospit. Análises e Diagnósticos,Serv.Méd.Hospit. Análises e Diagnósticos,9.24,-8.25,7.06,0.88,-10.61,0.0,37.37,1.43,-3.95,-1.7,-30.16
AZEV3,AZEVEDO & TRAVASSOS ON,Construção e Engenharia,Construção Pesada,1.88,-7.5,-7.04,2.25,-30.05,0.0,454.92,0.31,-7.84,-13.36,5.03
CBAV3,CBA ON NM,Mineração,Minerais Metálicos,4.68,-7.16,23.36,0.58,-8.14,7.39,-20.29,0.93,-8.24,10.64,-57.87
BIOM3,BIOMM SA ON,Medicamentos e Outros Produtos,Medicamentos e Outros Produtos,5.49,-5.73,-8.48,4.94,-86.26,0.0,108.78,1.58,-5.02,-8.95,-8.61
BRFS3,BRF Foods ON NM,Alimentos Processados,Carnes e Derivados,12.5,-5.7,10.06,1.49,-26.15,0.0,17.07,1.58,-9.49,-9.68,37.97
SEER3,SER EDUCA ON NM,Diversos,Serviços Educacionais,7.0,-5.66,3.31,0.75,-13.22,0.0,10.2,0.59,-10.94,7.69,69.49
BLUT3,B TECH EQI ON,Outros,Outros,5.14,-5.63,-53.97,0.46,-8.24,0.0,0.0,0.12,0.0,0.0,-57.17
TEND3,Tenda ON NM,Construção Civil,Incorporações,10.31,-5.49,11.46,1.42,-25.84,0.0,9.13,1.41,-30.48,-29.48,102.16
KRSA3,KORA SAUDE ON NM,Serv.Méd.Hospit. Análises e Diagnósticos,Serv.Méd.Hospit. Análises e Diagnósticos,1.21,-4.41,7.49,0.92,-20.93,0.0,16.13,2.4,-6.92,8.04,23.47
CEED3,CEEE-D ON N1,Energia Elétrica,Energia Elétrica,24.28,-4.21,6.38,-0.56,13.27,0.0,11.62,-1.38,0.0,13.09,-30.11
IFCM3,INFRACOMM ON NM,Programas e Serviços,Programas e Serviços,1.67,-4.15,13.26,0.78,-18.75,0.0,34.07,0.56,-9.73,-2.34,-59.76
ADHM3,ADVANCED-DH ON,,,1.56,-4.09,-5.81,-1.29,31.47,0.0,43.48,0.0,0.0,0.0,-32.86
AZUL4,AZUL PN,Transporte,Transporte Aéreo,14.22,-4.05,6.11,-0.23,5.74,0.0,19.69,-1.25,-11.18,-11.79,15.24
AALR3,ALLIAR ON NM,Serv.Méd.Hospit. Análises e Diagnósticos,Serv.Méd.Hospit. Análises e Diagnósticos,9.0,-4.05,13.17,1.05,-25.92,0.0,3.54,1.04,-13.46,-20.49,-57.73
MRFG3,Marfrig ON NM,Alimentos Processados,Carnes e Derivados,9.31,-4.01,5.37,1.42,-35.29,0.0,32.66,9.09,-4.02,-2.31,9.12
GFSA3,GAFISA ON,Construção Civil,Incorporações,12.72,-3.7,-28.41,0.48,-12.88,0.0,31.32,1.16,22.07,104.5,-23.7
CVCB3,CVC BRASIL ON NM,Viagens e Lazer,Viagens e Turismo,3.22,-3.53,10.19,3.88,-109.8,0.0,-4.33,1.73,-8.0,-10.56,-36.61
MWET4,WETZEL S.A. PN,Material de Transporte,Material Rodoviário,7.53,-3.24,-47.42,-1.49,46.11,0.0,16.73,-7.44,15.85,22.44,-23.63
BRKM3,BRASKEM ON N1,Químicos,Petroquímicos,18.83,-3.18,17.55,2.99,-93.87,0.0,13.67,8.47,-13.19,3.18,-21.8
TPIS3,TRIUNFO PARTICIPACOES SA ON NM,Transporte,Exploração de Rodovias,4.01,-2.83,18.58,0.21,-7.27,4.58,0.95,1.82,-4.52,-0.5,4.99
CTSA3,SANTANENSE ON,"Tecidos, Vestuário e Calçados",Fios e Tecidos,4.73,-2.67,-6.46,0.57,-21.36,0.0,-24.78,0.91,-9.39,-7.62,84.05
MBLY3,MOBLY ON NM,Programas e Serviços,Programas e Serviços,1.97,-2.6,-19.47,0.43,-16.44,0.0,-10.26,0.37,-2.96,-12.05,-36.86
BAHI3,BAHEMA ON,Diversos,Serviços Educacionais,7.8,-2.54,76.89,4.78,-188.32,0.0,63.05,4.38,-4.76,-2.62,-26.44
WEST3,WESTWING ON NM,Programas e Serviços,Programas e Serviços,1.34,-2.4,-0.4,0.54,-22.68,0.0,-16.69,0.07,-2.9,-4.29,32.67
MLAS3,MULTILASER ON NM,Computadores e Equipamentos,Computadores e Equipamentos,1.95,-2.23,-2.49,0.45,-20.23,0.0,-7.77,0.26,-6.7,-6.7,-44.76
AGXY3,AGROGALAXY ON NM,Agropecuária,Agricultura,2.98,-2.02,2.61,0.5,-24.61,1.33,34.89,1.73,-17.91,-22.6,-69.42
TRAD3,TC ON NM,Programas e Serviços,Programas e Serviços,0.81,-1.98,-2.14,0.48,-24.05,0.0,-40.7,0.0,-6.9,-3.57,-58.67
GSHP3,Generalshopp ON NM,Exploração de Imóveis,Exploração de Imóveis,14.5,-1.66,37.83,-0.03,2.01,0.0,4.39,-2.21,-3.33,-12.12,-39.58
DOTZ3,DOTZ SA ON NM,Diversos,Programas de Fidelização,8.4,-1.34,-7.62,-0.5,37.49,0.0,3.03,-0.47,6.33,-18.45,-35.88
ESTR3,ESTRELA ON,Viagens e Lazer,Brinquedos e Jogos,10.0,-1.19,-87.95,-0.15,12.38,0.0,9.53,-0.15,-16.67,-16.67,42.86
VIVR3,VIVER ON NM,Construção Civil,Incorporações,5.15,-1.19,-4.02,6.1,-514.44,0.0,2.88,0.97,-0.77,1.38,-8.04
FHER3,Fer Heringer ON NM,Químicos,Fertilizantes e Defensivos,7.5,-1.0,-1.08,10.36,-1033.75,0.0,49.83,0.05,1.35,-0.66,-57.94
JFEN3,JOÃO FORTES ENGENHARIA S.A. ON,Construção Civil,Incorporações,2.03,-0.97,-8.82,-0.06,6.43,0.0,24.41,-0.89,-5.58,-18.8,-44.38
FRTA3,POMIFRUTAS ON NM,Agropecuária,Agricultura,1.71,-0.62,-21.73,-0.05,7.67,0.0,-4.37,-0.88,-10.47,-16.99,-38.04
TXRX3,RENAUX ON,"Tecidos, Vestuário e Calçados",Fios e Tecidos,4.2,-0.6,66.93,-0.05,8.34,0.0,16.24,-0.83,0.0,0.0,-74.09
CTNM3,COTEMINAS ON,"Tecidos, Vestuário e Calçados",Fios e Tecidos,8.25,-0.53,-4.55,1.05,-197.2,0.0,-4.2,5.43,4.43,3.0,87.07
BHIA3,CASAS BAHIA ON,Comércio,Eletrodomésticos,9.9,-0.53,3.08,0.21,-40.32,0.0,4.63,1.95,-13.01,-22.35,-84.71
INEP3,INEPAR S/A ON,Máquinas e Equipamentos,Máq. e Equip. Industriais,3.94,-0.48,-19.17,-0.1,20.32,0.0,-8.47,-0.5,-7.29,-10.05,-49.16
LIGT3,LIGHT SA ON,Energia Elétrica,Energia Elétrica,6.57,-0.46,-17.31,0.8,-173.47,0.0,2.32,3.46,-17.88,4.45,46.65
GPIV33,"GP INVESTMENTS, LTD DR3",Serviços Financeiros Diversos,Gestão de Recursos e Investimentos,2.95,-0.44,0.06,0.24,-54.77,0.0,123.96,0.89,6.88,-1.34,6.12
SEQL3,SEQUOIA LOG ON NM,Serviços Diversos,Serviços Diversos,0.6,-0.41,-5.75,1.66,-404.55,0.0,-14.83,7.77,57.89,33.33,-83.17
PCAR3,PÃO DE AÇÚCAR ON,Comércio e Distribuição,Alimentos,3.67,-0.32,14.68,0.2,-61.2,0.0,-60.47,1.21,-9.61,-15.24,-51.76
AVLL3,ALPHAVILLE ON NM,Construção Civil,Incorporações,4.98,-0.31,50.3,-0.22,71.88,0.0,15.55,-1.81,2.68,17.26,-22.86
AMAR3,LOJAS MARISA ON NM,Comércio,"Tecidos, Vestuário e Calçados",2.91,-0.27,10.14,1.85,-673.21,0.0,-2.34,12.27,-21.77,-22.4,-60.68
RPMG3,REFINARIA DE PETRÓLEOS DE MANGUINHOS S.A ON,"Petróleo, Gás e Biocombustíveis","Exploração, Refino e Distribuição",2.08,-0.17,-0.14,-0.03,16.32,0.0,51.32,0.0,-1.89,-2.8,25.3
RSID3,ROSSI RESIDENCIAL ON N1,Construção Civil,Incorporações,3.57,-0.14,-8.75,-0.06,41.43,0.0,-28.52,-0.51,-11.19,-12.29,23.1
SNSY5,SANSUY S.A. INDÚSTRIA DE PLÁSTICOS PNA,Materiais Diversos,Materiais Diversos,3.62,-0.1,2.9,-0.01,15.19,0.0,21.03,-0.07,-5.48,-5.73,12.07
NEXP3,NEXPE ON,Exploração de Imóveis,Intermediação Imobiliária,5.02,-0.1,4.14,-0.09,96.62,0.0,-6.75,-0.41,-2.71,-2.52,-69.57
SGPS3,Springs ON NM,"Tecidos, Vestuário e Calçados",Fios e Tecidos,1.2,-0.08,-2.85,0.36,-470.13,0.0,-1.31,6.43,-9.09,-10.45,-4.0
TEKA4,TEKA S.A. PN,"Tecidos, Vestuário e Calçados",Fios e Tecidos,20.0,-0.07,158.45,0.0,7.43,0.0,22.2,-0.27,-4.76,17.65,11.11
PMAM3,PARANAPANEMA S.A. ON,Siderurgia e Metalurgia,Artefatos de Cobre,4.2,-0.06,-6.39,-0.05,78.99,0.0,-30.0,-0.91,-3.23,-2.1,-25.66
AMER3,AMERICANAS ON,Comércio,Produtos Diversos,0.79,-0.06,-7.22,-0.03,48.42,0.0,48.76,-0.85,-13.19,-14.13,-93.37
OIBR4,OI ON N1,Telecomunicações,Telecomunicações,1.59,-0.05,-12.58,-0.04,84.29,0.0,-17.48,-0.94,-2.45,-3.64,-69.71
OSXB3,OSX BRASIL ON NM,"Petróleo, Gás e Biocombustíveis",Equipamentos e Serviços,4.26,-0.04,1185.14,0.0,5.25,0.0,47.86,-0.94,0.71,2.65,-33.85
PDGR3,PDG REALT ON NM,Construção Civil,Incorporações,0.41,-0.03,-85.34,-0.01,17.17,0.0,-0.88,-0.27,-8.89,-6.82,-97.72
BRBI11,BR PARTNERS UNT N2,Intermediários Financeiros,Bancos,15.6,0.0,0.0,0.0,0.0,8.46,0.0,0.0,2.3,16.33,54.37
HETA4,HERCULES S/A PN,Utilidades Domésticas,Utensílios Domésticos,6.39,0.02,191.83,-0.01,-58.7,0.0,36.63,-0.92,0.63,-6.44,53.61
ATMP3,ATMASA ON,Serviços Diversos,Serviços Diversos,3.05,0.07,-6.55,-4.86,-6969.54,0.0,-19.91,-13.71,-32.22,-15.28,134.62
MNDL3,MUNDIAL S/A ON,"Tecidos, Vestuário e Calçados",Acessórios,48.55,0.13,5.17,0.77,583.75,0.0,15.86,2.52,-7.51,7.82,23.54
MGEL4,MANGELS PN N1,Siderurgia e Metalurgia,Artefatos de Ferro e Aço,13.7,0.37,7.1,3.36,903.95,0.0,19.62,28.33,3.01,-0.72,16.2
HOOT4,HOTEIS OTHON S.A. PN,Hoteis e Restaurantes,Hotelaria,2.8,0.41,0.23,-0.25,-60.53,0.0,25.89,0.0,-3.11,-1.75,135.29
IGBR3,GRADIENTE ON,Exploração de Imóveis,Exploração de Imóveis,175.99,0.56,-8.21,-0.34,-60.1,0.0,13.97,-0.54,0.0,0.0,548.21
RNEW11,RENOVA UNT N2,Energia Elétrica,Energia Elétrica,4.31,0.58,16.2,0.44,76.22,0.0,12.88,1.3,15.24,20.06,-30.37
BDLL4,BARDELLA PN,Máquinas e Equipamentos,Máq. e Equip. Industriais,8.2,0.93,-4.4,-0.08,-9.03,0.0,-2.96,-1.19,-1.2,-3.53,-8.89
AHEB3,PARQUE ANHEMBI ON,Viagens e Lazer,Produção de Eventos e Shows,15.5,1.36,1.03,7.93,582.53,0.0,44.22,0.25,0.0,-3.13,-22.5
HAGA4,HAGA ON,Construção e Engenharia,Produtos para Construção,1.11,1.82,-504.77,-0.24,-13.04,0.0,5.46,-0.37,-5.93,-4.31,-1.77
CTKA3,KARSTEN ON,"Tecidos, Vestuário e Calçados",Fios e Tecidos,15.0,2.42,7.07,-0.75,-30.92,0.0,20.28,-4.11,0.0,-16.67,-30.1
LUPA3,LUPATECH ON NM,"Petróleo, Gás e Biocombustíveis",Equipamentos e Serviços,2.18,2.49,-39.8,0.56,22.52,0.0,-3.34,0.93,-3.54,-0.46,-59.43
PETR4,PETROBRAS PN,"Petróleo, Gás e Biocombustíveis","Exploração, Refino e Distribuição",38.07,3.63,2.33,1.29,35.47,19.04,20.27,0.79,2.23,10.38,102.14
GOAU4,METALÚRGICA GERDAU PN N1,Siderurgia e Metalurgia,Siderurgia,9.96,3.75,1.1,0.57,15.29,15.98,20.96,0.64,-8.29,-3.21,-18.3
BRAP3,BRADESPAR S/A ON N1,Mineração,Minerais Metálicos,21.91,4.06,-397.05,1.07,26.44,12.54,0.0,0.0,-6.17,-0.95,-12.68
SUZB3,Suzano Papel ON,Madeira e Papel,Papel e Celulose,54.16,4.21,6.0,1.72,40.79,2.15,19.99,1.88,-2.64,6.68,10.51
GGBR3,GERDAU S.A. ON N1,Siderurgia e Metalurgia,Siderurgia,20.14,4.35,3.04,0.7,16.07,7.95,20.96,0.23,-5.71,-3.36,-12.81
BAZA3,BANCO DA AMAZONIA S.A. ON,Intermediários Financeiros,Bancos,92.99,4.36,0.0,0.9,20.56,5.96,32.96,0.0,-2.12,14.83,98.7
HBTS5,CIA HABITASUL PNA,Exploração de Imóveis,Exploração de Imóveis,51.0,4.37,-271.54,0.81,18.44,4.69,-3.4,0.39,1.19,-1.92,91.1
CEDO3,CIA. DE FIAÇÃO E TECIDOS CEDRO CACHOEIRA ON,"Tecidos, Vestuário e Calçados",Fios e Tecidos,28.0,4.37,2.12,1.51,34.57,0.0,20.19,1.36,1.3,12.0,340.95
CLSC3,CELESC ON N2,Energia Elétrica,Energia Elétrica,66.0,4.45,4.2,0.8,17.93,5.1,8.84,0.77,7.23,10.88,51.79
EPAR3,EMBPAR S/A ON,Comércio,Material de Transporte,9.82,4.61,9.4,1.18,25.58,26736.9,8.24,0.01,-15.42,16.65,39.45
MEAL3,IMC S/A ON NM,Hoteis e Restaurantes,Restaurante e Similares,1.88,4.61,4.58,0.48,10.51,0.0,14.44,0.45,-5.05,-3.59,-37.54
ALOS3,ALLOS ON,Exploração de Imóveis,Exploração de Imóveis,25.37,4.65,8.06,0.99,21.32,2.05,37.27,0.0,-4.44,1.56,47.78
BNBR3,BANCO DO NORDESTE ON,Intermediários Financeiros,Bancos,122.0,4.66,0.0,1.03,22.0,5.08,19.79,0.0,11.42,22.49,73.14
BBAS3,BANCO DO BRASIL S.A. ON,Intermediários Financeiros,Bancos,54.8,4.7,0.0,0.98,20.83,8.34,23.83,0.0,-1.07,1.19,69.27
NTCO3,GRUPO NATURA ON NM,Produtos de Uso Pessoal e de Limpeza,Produtos de Uso Pessoal,16.72,4.88,5.7,0.83,16.95,0.0,-5.86,0.22,-1.01,-1.24,32.8
CALI3,CAL S/A ON,Construção Civil,Incorporações,18.51,4.89,7.02,2.14,43.82,2.41,129.0,1.69,-7.45,2.83,132.01
TECN3,TECHNOS ON NM,"Tecidos, Vestuário e Calçados",Acessórios,3.65,4.9,4.89,0.68,13.89,2.36,5.7,0.26,3.69,7.04,55.96
POSI3,POSITIVO TEC ON NM,Computadores e Equipamentos,Computadores e Equipamentos,6.65,4.93,4.22,0.65,13.21,7.73,24.26,0.87,-4.45,-0.6,-14.79
MTSA4,METISA PN,Máquinas e Equipamentos,Máq. e Equip. Construção e Agrícolas,49.8,5.02,3.07,1.01,20.2,6.96,28.21,0.08,2.51,10.61,27.06
CMIG4,CEMIG PN N1,Energia Elétrica,Energia Elétrica,12.09,5.04,3.65,1.09,21.64,10.68,11.86,0.5,5.31,15.86,18.53
BOBR4,BOMBRIL SA PN,Produtos de Uso Pessoal e de Limpeza,Produtos de Limpeza,2.16,5.24,3.79,-7.82,-149.2,0.0,8.52,-5.84,5.88,9.64,77.05
EQMA3B,CEMAR ON MB,Energia Elétrica,Energia Elétrica,29.8,5.29,4.28,1.34,25.31,9.37,11.07,0.73,0.03,4.6,41.24
MOAR3,MONTEIRO ARANHA ON,Holdings Diversificadas,Holdings Diversificadas,399.99,5.54,-151.53,3.22,58.02,7.72,-81.25,0.71,0.51,0.51,-7.58
RANI3,IRANI ON,Madeira e Papel,Papel e Celulose,10.51,5.6,5.79,2.01,35.81,8.12,18.05,1.23,-3.75,-3.22,43.23
BMEB4,BANCO MERCANTIL DO BRASIL S/A PN,Intermediários Financeiros,Bancos,18.01,5.62,0.0,1.3,23.08,9.04,17.65,0.0,6.63,22.93,92.93
SAPR3,SANEPAR ON,Água e Saneamento,Água e Saneamento,5.57,5.65,4.11,0.89,15.68,5.04,7.65,0.6,1.03,6.94,77.65
NEOE3,NEOENERGIA ON NM,Energia Elétrica,Energia Elétrica,20.95,5.75,5.43,0.86,15.01,6.3,14.26,1.54,-0.14,5.5,53.35
ROMI3,ROMI ON,Máquinas e Equipamentos,Máq. e Equip. Industriais,13.11,5.82,7.04,1.03,17.62,7.19,18.62,0.69,-2.24,4.51,-3.59
JALL3,JALLESMACHAD ON NM,Alimentos Processados,Açucar e Alcool,7.63,5.84,5.56,1.16,19.87,5.63,14.12,1.84,-2.68,-1.55,17.71
COCE5,CIA ENERG CEARA - COELCE PNA,Energia Elétrica,Energia Elétrica,40.34,5.84,4.36,0.74,12.68,0.76,15.87,1.37,-7.05,-8.28,-11.37
EUCA4,EUCATEX PN,Madeira e Papel,Madeira,17.83,6.01,3.38,0.75,12.46,5.16,17.67,0.34,12.21,22.8,163.83
CGRA4,GRAZZIOTIN PN,Comércio,"Tecidos, Vestuário e Calçados",25.75,6.02,3.47,0.59,9.8,10.29,12.06,0.0,-3.52,0.97,-3.1
CAMB3,PENALTY ON,"Tecidos, Vestuário e Calçados",Calçados,10.95,6.03,3.97,2.11,35.03,2.72,28.07,0.13,2.05,20.46,85.28
CEEB5,COELBA PNA,Energia Elétrica,Energia Elétrica,38.26,6.05,4.99,1.69,27.97,11.9,15.85,2.44,-1.09,-6.03,36.6
PLAS3,PLASCAR PARTICIPAÇÕES INDUSTRIAIS S.A ON,Automóveis e Motocicletas,Automóveis e Motocicletas,7.11,6.15,13.78,-0.25,-4.02,0.0,29.08,-0.83,-2.74,4.41,-29.6
CIEL3,CIELO ON NM,Serviços Financeiros Diversos,Serviços Financeiros Diversos,4.79,6.22,9.13,1.09,17.48,5.92,-4.31,0.54,3.39,10.7,0.36
EALT3,ELECTRO AÇO ALTONA S/A ON,Máquinas e Equipamentos,Máq. e Equip. Industriais,9.35,6.23,4.8,0.91,14.61,3.67,17.38,0.51,-4.59,3.77,14.96
PINE4,Pine PN,Intermediários Financeiros,Bancos,4.19,6.27,0.0,0.91,14.49,7.89,127.68,0.0,-0.55,19.07,181.25
MTRE3,MITRE REALTY ON NM,Construção Civil,Incorporações,5.12,6.27,17.87,0.55,8.85,14.83,32.44,0.63,-16.88,6.0,30.71
CEBR5,CEB - COMPANHIA ENERGÉTICA DE BRASÍLIA PNA,Energia Elétrica,Energia Elétrica,17.01,6.29,6.87,1.17,18.63,15.59,-44.74,0.0,6.98,13.55,87.19
RECV3,PETRORECONCA ON NM,"Petróleo, Gás e Biocombustíveis","Exploração, Refino e Distribuição",20.3,6.4,4.24,1.34,21.02,4.88,16.79,0.21,-6.54,-2.59,-33.98
CSMG3,COPASA MG ON,Água e Saneamento,Água e Saneamento,22.05,6.49,4.79,1.06,16.38,13.12,8.53,0.58,7.67,17.09,63.44
CSRN6,COSERN PNB,Energia Elétrica,Energia Elétrica,25.51,6.54,5.69,3.0,45.87,11.45,14.53,2.07,-5.52,-5.52,29.17
AURE3,AUREN ON NM,Energia Elétrica,Energia Elétrica,13.35,6.58,10.1,0.96,14.52,22.47,21.56,0.44,0.3,-0.59,15.6
RDNI3,RNI ON NM,Construção Civil,Incorporações,4.59,6.67,1638.96,0.35,5.18,3.14,25.9,1.39,-0.22,2.46,-25.32
SLCE3,SLC Agricola ON NM,Agropecuária,Agricultura,17.63,6.8,4.4,1.5,22.13,7.21,38.75,0.98,-6.32,-8.61,-7.97
DEXP4,DEXXOS PAR PN,Químicos,Petroquímicos,11.55,6.81,4.12,1.57,23.11,4.28,28.46,0.42,3.03,10.47,90.96
MRSA6B,MRS LOGÍSTICA S/A PNB MB,Transporte,Transporte Ferroviário,23.06,6.82,4.65,1.23,18.03,2.79,15.84,0.73,-2.12,-2.12,2.87
ABCB4,ABC Brasil PN N2,Intermediários Financeiros,Bancos,23.54,6.82,0.0,0.97,14.29,6.39,70.94,0.0,-2.87,5.79,27.69
BRSR6,BANRISUL S/A PNB,Intermediários Financeiros,Bancos,13.65,6.83,0.0,0.59,8.62,6.72,5.64,0.0,2.25,11.7,50.55
POMO3,MARCOPOLO ON,Material de Transporte,Material Rodoviário,5.75,6.83,6.84,1.62,23.64,5.77,10.55,0.73,2.68,6.13,159.11
KEPL3,KEPLER WEBER SA ON,Máquinas e Equipamentos,Máq. e Equip. Industriais,10.06,6.84,5.02,2.65,38.76,8.54,33.78,0.31,-7.96,-6.33,14.19
VALE3,VALE ON NM,Mineração,Minerais Metálicos,72.61,6.94,3.97,1.73,24.99,8.37,10.73,0.37,-5.95,-0.26,-16.29
LEVE3,MAHLE METAL LEVE ON,Automóveis e Motocicletas,Automóveis e Motocicletas,37.06,7.0,5.46,3.2,45.73,25.24,18.5,0.31,4.87,11.92,67.14
TKNO4,TEKNO PN,Siderurgia e Metalurgia,Artefatos de Ferro e Aço,64.0,7.04,4.42,0.67,9.55,6.83,20.09,0.01,4.93,7.71,-2.32
GEPA4,"DUKE ENERGY INT,GERAÇÃO PARANAPANEMA SA PN",Energia Elétrica,Energia Elétrica,26.08,7.22,3.97,1.16,16.06,7.58,-0.98,0.35,-0.08,3.89,7.9
BMKS3,MONARK ON,Viagens e Lazer,Bicicletas,349.0,7.28,-0.22,0.78,10.66,16.56,-3.34,0.03,-3.05,3.19,28.04
BGIP4,BANESE PN,Intermediários Financeiros,Bancos,25.7,7.35,0.0,0.74,10.09,13.08,-0.05,0.0,13.32,17.08,68.39
TRPL4,TRANSMISSÃO PAULISTA PN N1,Energia Elétrica,Energia Elétrica,26.94,7.51,7.83,0.99,13.14,8.18,13.91,0.5,1.66,15.54,29.99
ITSA4,ITAÚSA PN N1,Intermediários Financeiros,Bancos,10.1,7.56,55.23,1.31,17.31,5.44,14.42,0.14,-2.6,3.12,28.94
MDNE3,MOURA DUBEUX ON NM,Construção Civil,Incorporações,11.86,7.59,5.27,0.77,10.15,0.0,32.01,0.19,-11.03,-1.82,99.33
SHUL4,SCHULZ PN,Máquinas e Equipamentos,"Motores, Compressores e Outros",6.63,7.66,6.51,1.89,24.66,4.4,22.48,0.57,-5.96,0.15,45.59
SMTO3,SAO MARTINHO ON NM,Alimentos Processados,Açucar e Alcool,26.67,7.74,5.02,1.53,19.78,4.65,17.19,1.48,-9.01,-7.4,22.54
WLMM3,WLM ON,Comércio,Material de Transporte,22.53,7.76,5.51,1.22,15.77,3.62,22.65,0.01,0.81,0.13,9.79
RSUL4,METALURGICA RIOSULENSE S/A PN,Material de Transporte,Material Rodoviário,78.58,7.85,4.13,2.68,34.14,3.62,26.85,0.04,2.72,3.6,29.38
EQPA7,EQTL PARA PNC,Energia Elétrica,Energia Elétrica,7.51,7.86,5.68,3.73,47.39,1.96,17.91,1.16,-16.46,-16.46,-4.35
BMIN4,BANCO MERCANTIL DE INVESTIMENTOS SA PN,Intermediários Financeiros,Bancos,15.7,7.9,0.0,0.55,7.0,10.13,24.51,0.0,-4.44,-1.2,29.67
DXCO3,DEXCO ON,Madeira e Papel,Madeira,7.83,7.91,5.14,1.0,12.66,2.75,14.39,0.95,-2.97,5.06,13.55
FESA4,FERBASA PN,Siderurgia e Metalurgia,Siderurgia,43.44,8.0,4.41,1.18,14.76,6.31,24.39,0.09,-6.56,0.45,-14.35
CPFE3,CPFL ENERGIA S.A. ON,Energia Elétrica,Energia Elétrica,38.12,8.18,4.99,2.42,29.54,7.57,10.03,1.38,-1.01,2.89,31.16
VLID3,VALID ON NM,Serviços Diversos,Serviços Diversos,20.3,8.2,3.33,1.22,14.9,4.71,1.44,0.54,-0.98,-3.38,137.24
EKTR4,ELEKTRO ELETRICIDADE E SERVIÇOS S.A. PN,Energia Elétrica,Energia Elétrica,38.1,8.25,5.17,2.71,32.83,11.13,12.69,2.06,1.36,1.89,15.17
TASA3,TAURUS ARMAS ON,Máquinas e Equipamentos,Armas e Munições,15.1,8.27,6.81,1.73,20.87,9.24,23.02,0.45,0.94,5.3,34.85
PSSA3,PORTO SEGURO SA ON,Previdência e Seguros,Seguradoras,27.81,8.27,0.25,1.52,18.33,5.07,15.92,0.0,-3.24,0.37,23.28
BEES3,BANESTES S/A ON,Intermediários Financeiros,Bancos,9.26,8.3,0.0,1.34,16.17,7.09,12.13,0.0,-2.45,5.28,76.23
ETER3,ETERNIT ON,Construção e Engenharia,Produtos para Construção,7.94,8.43,5.08,0.69,8.19,4.23,26.19,0.21,-6.7,-10.19,-29.82
VULC3,VULCABRAS S/A. ON,"Tecidos, Vestuário e Calçados",Calçados,19.53,8.51,8.12,2.42,28.43,4.78,25.13,0.19,-3.03,-6.82,71.2
TTEN3,3TENTOS ON NM,Agropecuária,Agricultura,10.71,8.52,9.54,1.68,19.74,0.0,27.67,0.4,-11.05,-0.83,22.04
KLBN3,KLABIN ON N2,Madeira e Papel,Papel e Celulose,4.41,8.6,5.89,2.22,25.81,6.14,18.28,2.57,-0.23,5.88,15.77
BBSE3,BBSEGURIDADE ON NM,Previdência e Seguros,Seguradoras,33.28,8.69,0.0,6.24,71.8,10.45,0.0,0.0,-1.1,6.98,7.86
BLAU3,BLAU ON NM,Comércio e Distribuição,Medicamentos e Outros Produtos,15.45,8.76,8.91,1.4,16.03,2.73,9.37,0.31,-5.85,-5.5,-40.8
AURA33,AURA 360 DR3,Mineração,Minerais Metálicos,32.07,8.86,4.78,1.34,15.08,6.09,26.95,0.88,-8.37,-8.4,-8.26
SHOW3,TIME FOR FUN ON NM,Viagens e Lazer,Produção de Eventos e Shows,2.07,8.86,-0.22,0.91,10.3,0.0,3.73,0.11,-1.9,-1.43,-18.5
PRIO3,PETRORIO ON,"Petróleo, Gás e Biocombustíveis","Exploração, Refino e Distribuição",45.5,8.9,6.48,3.15,35.33,0.16,73.99,0.82,-1.19,2.29,25.85
ITUB3,ITAUUNIBANCO ON N1,Intermediários Financeiros,Bancos,28.26,8.91,0.0,1.58,17.72,4.45,28.57,0.0,-1.96,3.88,32.17
PTNT4,PETTENATI PN,"Tecidos, Vestuário e Calçados",Fios e Tecidos,8.2,8.98,5.63,1.05,11.7,2.59,13.19,0.69,-3.53,-0.97,27.44
VSTE3,VESTE ON,Comércio,"Tecidos, Vestuário e Calçados",19.13,9.12,12.02,2.11,23.13,0.6,7.34,0.3,-6.23,27.36,982.63
UNIP3,UNIPAR PARTICIPAÇÕES S.A. ON,Químicos,Químicos Diversos,68.72,9.21,4.51,2.54,27.61,4.6,21.79,0.47,-2.37,3.5,-6.16
PLPL3,PLANOEPLANO ON NM,Construção Civil,Incorporações,11.0,9.24,5.07,3.76,40.72,1.46,22.36,0.78,-5.82,-6.38,184.55
ALLD3,ALLIED ON NM,Comércio,Eletrodomésticos,7.55,9.25,3.87,0.45,4.9,12.79,0.44,0.38,0.67,22.74,33.88
TRIS3,Trisul ON NM,Construção Civil,Incorporações,5.3,9.27,19.38,0.74,8.01,2.59,4.21,0.76,-8.62,-4.33,50.11
LAVV3,LAVVI ON NM,Construção Civil,Incorporações,8.23,9.34,8.76,1.3,13.94,8.02,8.19,0.15,-6.58,9.61,85.34
TGMA3,Tegma ON NM,Transporte,Transporte Rodoviário,26.53,9.36,6.92,2.14,22.82,6.45,4.54,0.21,-6.22,-3.6,52.55
TUPY3,TUPY ON,Material de Transporte,Material Rodoviário,26.5,9.38,4.77,1.17,12.47,2.08,26.94,1.04,-8.87,3.19,1.31
EVEN3,Even ON NM,Construção Civil,Incorporações,7.5,9.44,8.4,0.77,8.2,6.71,10.7,0.59,-8.54,6.13,65.39
CSUD3,CSU DIGITAL ON,Serviços Diversos,Serviços Diversos,19.5,9.44,4.58,1.97,20.92,5.16,6.28,0.18,-0.36,5.14,80.03
HBOR3,Helbor ON,Construção Civil,Incorporações,2.89,9.55,14.81,0.28,2.9,3.13,-4.96,1.39,-18.13,-0.69,26.33
JHSF3,JHSF Part ON NM,Construção Civil,Incorporações,5.05,9.58,11.48,0.68,7.1,8.93,29.74,0.61,-9.34,7.58,13.17
RAPT3,RANDON S.A. IMPLEMENTOS E PARTICIPAÇÕES ON N1,Material de Transporte,Material Rodoviário,12.1,9.58,3.97,1.35,14.12,4.81,27.08,1.79,0.83,17.7,64.76
SOJA3,BOA SAFRA ON NM,Agropecuária,Agricultura,15.93,9.7,7.35,2.02,20.81,6.03,48.68,0.76,-1.85,9.21,57.55
JSLG3,JULIO SIMOES ON NM,Transporte,Transporte Rodoviário,12.65,9.72,6.76,2.15,22.15,2.5,-8.18,3.76,1.61,14.07,130.16
AGRO3,BRASILAGRO ON NM,Agropecuária,Agricultura,24.66,9.87,8.48,1.12,11.4,13.03,28.31,0.38,-7.68,1.19,-1.05
CAML3,CAMIL ON NM,Alimentos Processados,Alimentos Diversos,7.89,10.09,9.34,0.94,9.28,3.68,20.63,1.8,-6.63,-1.38,5.9
CYRE3,CYRELA BRAZIL REALTY PN,Construção Civil,Incorporações,22.94,10.17,14.12,1.18,11.59,3.68,11.18,0.63,-4.73,1.99,72.95
REDE3,REDE EMPRESAS DE ENERGIA ELÉTRICA S.A. ON,Energia Elétrica,Energia Elétrica,7.04,10.22,5.54,2.54,24.89,10.1,11.85,2.04,6.34,8.98,44.83
BBDC3,BANCO BRADESCO S.A. ON N1,Intermediários Financeiros,Bancos,14.43,10.34,0.0,0.96,9.24,7.02,-14.52,0.0,-5.47,3.08,16.02
HBRE3,HBR REALTY ON NM,Exploração de Imóveis,Exploração de Imóveis,5.32,10.41,5.9,0.29,2.76,0.0,38.16,0.61,-12.36,5.77,12.0
WIZC3,WIZ CO ON,Previdência e Seguros,Corretoras de Seguros,6.35,10.44,1.94,2.21,21.18,7.01,11.69,0.77,-12.41,-3.05,-2.18
ENGI4,ENERGISA PN,Energia Elétrica,Energia Elétrica,8.68,10.48,5.94,1.47,14.02,5.76,11.47,2.58,-0.46,3.13,31.18
EGIE3,ENGIE BRASIL ON,Energia Elétrica,Energia Elétrica,43.71,10.58,7.83,4.23,39.97,6.64,3.91,2.12,-3.57,0.25,23.59
SOND5,SONDOTECNICA S/A. PNA,Construção e Engenharia,Engenharia Consultiva,54.0,10.67,2.66,2.31,21.62,11.29,30.7,0.0,0.0,-1.82,100.52
PDTC3,PADTEC ON,Serviços Financeiros Diversos,Gestão de Recursos e Investimentos,3.09,10.72,5.1,1.6,14.89,0.0,57.48,0.81,0.0,-2.22,1.31
LOGN3,Log-In ON NM,Transporte,Transporte Hidroviário,38.59,10.75,9.41,4.22,39.27,0.0,24.11,1.43,0.26,-15.28,13.63
FIQE3,UNIFIQUE ON NM,Telecomunicações,Telecomunicações,3.92,11.05,3.36,1.31,11.9,3.95,33.24,0.31,-1.75,3.98,4.88
LAND3,TERRASANTAPA ON NM,Agropecuária,Agricultura,16.2,11.08,23.39,2.2,19.83,8.36,-17.92,0.15,-5.21,0.31,-43.26
TAEE3,TAESA ON N2,Energia Elétrica,Energia Elétrica,12.37,11.17,13.27,1.92,17.2,6.04,5.89,1.51,-1.66,4.98,13.35
CXSE3,CAIXA SEGURI ON NM,Previdência e Seguros,Seguradoras,13.14,11.17,-322.72,3.09,27.65,7.69,0.0,0.0,1.86,11.26,77.6
BRIT3,BRISANET ON NM,Telecomunicações,Telecomunicações,3.29,11.23,3.65,1.0,8.88,0.98,29.38,0.83,-11.32,2.81,34.11
ECOR3,ECORODOVIAS ON NM,Transporte,Exploração de Rodovias,9.14,11.36,5.62,2.31,20.34,0.92,20.26,5.85,-2.97,-0.54,95.22
BEEF3,Minerva ON NM,Alimentos Processados,Carnes e Derivados,6.98,11.61,5.23,6.75,58.14,7.89,16.36,30.93,-6.56,-3.99,-44.96
RAIZ4,RAIZEN PN N2,"Petróleo, Gás e Biocombustíveis","Exploração, Refino e Distribuição",3.93,12.01,4.77,1.84,15.35,6.78,19.63,2.18,-2.48,11.0,26.29
GRND3,GRENDENE SA ON,"Tecidos, Vestuário e Calçados",Calçados,6.97,12.16,12.05,1.81,14.85,19.9,6.59,0.03,-1.41,4.65,29.77
HYPE3,HYPERA ON,Comércio e Distribuição,Medicamentos e Outros Produtos,34.51,12.36,10.31,1.92,15.53,3.57,27.36,0.86,-3.47,-2.25,-18.06
ALUP4,ALUPAR PN N2,Energia Elétrica,Energia Elétrica,10.1,12.4,7.6,1.22,9.87,5.73,-5.66,1.54,-4.9,2.75,20.55
CURY3,CURY S/A ON NM,Construção Civil,Incorporações,17.59,12.42,7.8,5.56,44.76,6.44,29.13,0.7,-2.22,6.03,56.25
BPAC5,BTGP BANCO PNA,Intermediários Financeiros,Bancos,9.6,12.49,0.0,2.31,18.51,2.71,35.34,0.0,-1.7,6.67,81.33
INTB3,INTELBRAS ON NM,Computadores e Equipamentos,Computadores e Equipamentos,20.0,12.58,11.1,2.65,21.1,1.63,20.77,0.38,-9.09,-7.74,-35.1
BMGB4,BANCO BMG PN N1,Intermediários Financeiros,Bancos,3.35,12.77,0.0,0.5,3.93,11.21,-12.97,0.0,2.45,33.87,65.11
CMIN3,CSNMINERACAO ON N2,Mineração,Minerais Metálicos,7.21,12.84,5.42,3.46,26.92,10.78,-9.63,0.74,-7.12,1.86,82.67
VBBR3,VIBRA ON,"Petróleo, Gás e Biocombustíveis","Exploração, Refino e Distribuição",22.47,12.86,7.93,1.93,15.01,3.71,20.25,1.18,-1.27,1.41,56.15
SANB3,SANTANDER ON,Intermediários Financeiros,Bancos,14.4,12.87,0.0,1.27,9.9,5.51,-6.38,0.0,-5.26,-1.97,5.42
ENMT4,ENERGISA MT ON,Energia Elétrica,Energia Elétrica,68.0,12.91,8.55,4.19,32.5,5.22,13.93,1.48,0.0,0.0,-10.44
UCAS3,UNICASA ON NM,Utilidades Domésticas,Móveis,2.67,12.96,11.66,0.9,6.91,7.52,15.02,0.08,1.52,-7.93,13.94
MELK3,MELNICK ON NM,Construção Civil,Incorporações,4.57,13.03,18.99,0.8,6.17,12.28,21.63,0.24,-4.79,6.84,63.56
MILS3,MILLS ON NM,Diversos,Aluguel de carros,12.96,13.05,5.56,2.3,17.59,2.3,43.59,0.76,-4.57,1.14,30.17
DIRR3,Direcional Engenharia ON NM,Construção Civil,Incorporações,21.82,13.05,8.36,1.96,14.99,2.15,12.97,0.68,-2.55,9.37,47.61
PFRM3,PROFARMA ON NM,Comércio e Distribuição,Medicamentos e Outros Produtos,4.91,13.06,2.18,0.48,3.69,7.86,16.75,0.56,-16.35,-6.03,50.63
FRAS3,FRAS-LE S.A. ON,Material de Transporte,Material Rodoviário,15.87,13.19,5.78,2.22,16.86,2.98,29.41,0.45,-6.65,1.22,75.35
FIEI3,FICA ON,Construção Civil,Incorporações,12.0,13.34,-3.61,0.35,2.63,0.0,-37.98,0.0,0.0,0.0,-21.1
VITT3,VITTIA ON NM,Químicos,Fertilizantes e Defensivos,9.97,13.35,11.9,2.31,17.27,2.18,2.56,0.32,-6.47,-5.31,-15.51
GMAT3,GRUPO MATEUS ON NM,Comércio e Distribuição,Alimentos,6.94,13.41,10.81,1.85,13.8,0.0,29.51,0.44,-3.34,9.81,10.33
ODPV3,ODONTOPREV ON NM,Serv.Méd.Hospit. Análises e Diagnósticos,Serv.Méd.Hospit. Análises e Diagnósticos,11.96,13.44,8.76,4.5,33.5,3.14,3.92,0.0,2.93,6.39,29.32
CPLE3,COPEL ON,Energia Elétrica,Energia Elétrica,9.15,13.64,7.7,1.17,8.61,3.32,10.21,0.65,-3.58,2.92,41.75
BRIV4,ALFA DE INVESTIMENTO PN,Intermediários Financeiros,Bancos,10.39,13.7,0.0,0.54,3.92,9.29,7.42,0.0,-1.19,2.32,14.94
LOGG3,LOG COM PROP ON NM,Exploração de Imóveis,Exploração de Imóveis,22.25,13.94,20.26,0.62,4.42,4.12,17.88,0.5,-2.41,-2.03,47.21
UGPA3,ULTRAPAR PARTICIPAÇÕES SA ON,"Petróleo, Gás e Biocombustíveis","Exploração, Refino e Distribuição",27.31,14.08,6.66,2.4,17.03,1.28,12.99,1.1,3.02,5.44,119.24
ABEV3,AMBEV S/A ON,Bebidas,Cervejas e Refrigerantes,13.56,14.16,8.64,2.37,16.71,5.38,13.23,0.04,-1.24,-1.06,-2.63
BPAN4,BANCO PAN PN,Intermediários Financeiros,Bancos,8.11,14.92,0.0,1.29,8.62,2.65,15.08,0.0,-6.13,3.77,35.75
LPSB3,LOPES BRASIL ON NM,Exploração de Imóveis,Intermediação Imobiliária,2.32,14.94,5.75,1.56,10.44,0.89,8.0,0.0,-7.94,-1.69,9.2
BSLI4,BRB ON,Intermediários Financeiros,Bancos,11.98,15.17,0.0,1.76,11.62,1285.8,1.89,0.0,-0.75,7.44,-16.28
SBFG3,GRUPO SBF ON,Comércio,Produtos Diversos,11.66,15.56,6.55,1.15,7.42,1.16,35.71,1.27,-0.6,-0.26,-2.78
TCSA3,TECNISA ON NM,Construção Civil,Incorporações,3.5,15.6,-41.84,0.44,2.79,0.0,0.88,1.2,-12.94,-4.63,14.75
CRPG5,CRISTAL PNA,Químicos,Químicos Diversos,36.69,16.0,23.79,1.54,9.6,14.3,3.55,0.01,-2.83,-0.84,39.77
VAMO3,VAMOS ON NM,Diversos,Aluguel de carros,9.5,16.25,7.39,2.15,13.24,3.53,63.64,2.13,-5.66,5.21,-23.06
BMOB3,BEMOBI TECH ON NM,Programas e Serviços,Programas e Serviços,13.03,16.54,3.79,1.05,6.35,5.79,109.14,0.0,-6.93,4.31,-6.07
BRGE12,CONSORCIO ALFA PNF,Previdência e Seguros,Seguradoras,10.7,16.57,1.01,0.59,3.56,0.0,-45.82,0.0,-2.73,-1.02,12.75
CRIV4,ALFA FINANCEIRA PN,Intermediários Financeiros,Soc. Crédito e Financiamento,5.74,16.86,0.0,0.55,3.27,12.59,3.62,0.0,3.64,3.82,23.58
LREN3,RENNER ON,Comércio,"Tecidos, Vestuário e Calçados",16.45,17.02,3.82,1.62,9.54,4.37,13.69,0.22,-5.57,0.85,-14.79
DESK3,DESKTOPSIGMA ON NM,Telecomunicações,Telecomunicações,13.51,17.45,4.98,1.24,7.08,0.15,44.75,0.68,-4.32,-10.88,62.16
SBSP3,SABESP ON NM,Água e Saneamento,Água e Saneamento,76.59,17.57,8.73,1.77,10.07,1.67,7.89,0.64,1.62,13.2,42.12
WHRL3,WHIRLPOOL S.A. ON,Utilidades Domésticas,Eletrodomésticos,4.22,17.8,6.84,2.48,13.92,8.07,12.98,0.55,-4.09,1.69,-3.38
TIMS3,TIM ON NM,Telecomunicações,Telecomunicações,17.02,17.97,3.57,1.61,8.97,5.34,11.17,0.19,-5.08,-3.74,51.42
AFLT3,AFLUENTE T ON,Energia Elétrica,Energia Elétrica,7.87,17.99,16.65,1.9,10.55,7.55,29.36,0.0,-8.38,-8.59,-10.36
MULT3,Multiplan ON N2,Exploração de Imóveis,Exploração de Imóveis,28.8,18.08,11.43,2.51,13.87,3.46,13.41,0.38,1.34,5.17,36.06
VIVT3,TELEF BRASIL ON,Telecomunicações,Telecomunicações,50.34,18.26,4.77,1.2,6.58,4.12,3.92,0.26,-5.8,-5.14,36.34
ARZZ3,AREZZO CO ON NM,Comércio,"Tecidos, Vestuário e Calçados",63.3,18.27,10.32,2.43,13.3,3.05,37.49,0.38,-1.91,-2.34,-15.73
B3SA3,B3 ON,Serviços Financeiros Diversos,Serviços Financeiros Diversos,13.95,18.66,11.65,3.89,20.86,3.16,14.48,0.57,-3.51,3.69,11.79
PORT3,WILSON SONS ON NM,Transporte,Serviços de Apoio e Armazenagem,16.9,18.73,11.28,3.23,17.27,3.74,-14.64,1.16,-3.21,7.99,67.24
RPAD6,ALFA HOLDINGS PNB,Intermediários Financeiros,Bancos,7.68,19.45,-81.43,0.59,3.04,0.0,-52.87,0.0,-1.54,2.95,17.07
DMFN3,DMFINANCEIRA ON,Intermediários Financeiros,Soc. Crédito e Financiamento,14.0,19.48,0.0,0.91,4.66,3.81,16.63,0.0,0.0,0.0,11.35
EZTC3,EZTec ON NM,Construção Civil,Incorporações,16.66,19.56,47.01,0.8,4.09,1.23,10.57,0.18,-10.91,-11.1,23.18
TFCO4,TRACK FIELD PN,"Tecidos, Vestuário e Calçados",Vestuário,14.25,20.0,15.29,5.82,29.11,1.23,26.49,0.26,-5.19,0.18,35.43
DMVF3,D1000VFARMA ON NM,Comércio e Distribuição,Medicamentos e Outros Produtos,5.99,20.12,1.13,0.35,1.75,0.0,23.95,0.03,1.01,2.92,46.1
JPSA3,IGUATEMI S.A ON,Exploração de Imóveis,Exploração de Imóveis,29.02,20.27,12.83,1.93,9.51,0.29,1.01,1.94,10.01,13.63,18.16
SOMA3,GRUPO SOMA ON NM,Comércio,"Tecidos, Vestuário e Calçados",7.99,20.52,9.16,0.82,4.0,1.27,59.59,0.17,7.25,19.61,-21.4
STBP3,SBPAR ON NM,Transporte,Serviços de Apoio e Armazenagem,9.64,20.71,10.26,3.8,18.36,4.58,23.95,0.19,2.88,8.35,27.76
GGPS3,GPS ON NM,Serviços Diversos,Serviços Diversos,18.38,20.79,10.17,4.19,20.15,1.41,18.41,1.05,-2.49,-2.23,60.34
LUXM4,TREVISA INVESTIMENTOS SA PN,Transporte,Transporte Hidroviário,16.0,21.03,8.17,2.75,13.1,0.93,4.08,0.03,0.13,0.0,-21.36
EQTL3,EQUATORIAL ENERGIA S.A. ON NM,Energia Elétrica,Energia Elétrica,34.87,21.46,7.61,2.04,9.51,0.99,23.05,2.31,-2.38,1.81,35.06
VIVA3,VIVARA S.A. ON NM,"Tecidos, Vestuário e Calçados",Acessórios,35.22,21.73,15.33,4.43,20.4,1.03,29.26,0.15,2.83,12.88,60.7
PNVL3,PANVEL FARMÁCIAS ON,Comércio e Distribuição,Medicamentos e Outros Produtos,12.93,22.09,8.15,1.71,7.73,1.95,14.47,0.94,-3.22,5.25,24.26
PEAB3,CIA. DE PARTICIPAÇÕES ALIANÇA DA BAHIA ON,Holdings Diversificadas,Holdings Diversificadas,39.01,22.21,27.32,0.73,3.27,0.76,-41.46,0.16,15.41,13.07,-8.52
MDIA3,M.DIASBRANCO ON NM,Alimentos Processados,Alimentos Diversos,37.26,22.46,10.58,1.73,7.71,1.69,15.72,0.3,-3.55,1.24,11.17
CSED3,CRUZEIRO EDU ON NM,Diversos,Serviços Educacionais,4.82,22.52,3.12,1.22,5.42,4.88,10.89,0.61,-9.06,7.35,38.7
EMAE4,EMAE PN,Energia Elétrica,Energia Elétrica,56.7,22.68,167.76,1.81,7.97,5.8,7.39,0.0,-3.9,-0.97,-10.67
IGTI3,IGUATEMI S.A ON N1,Exploração de Imóveis,Exploração de Imóveis,3.01,22.76,11.21,1.52,6.7,1.02,13.09,0.7,0.33,0.33,18.32
ASAI3,ASSAI ON NM,Comércio e Distribuição,Alimentos,13.87,22.89,4.99,4.34,18.94,0.36,58.77,3.26,2.51,15.78,-27.62
VVEO3,VIVEO ON NM,Comércio e Distribuição,Medicamentos e Outros Produtos,12.8,25.53,8.11,1.32,5.17,0.0,39.59,1.06,-8.24,-8.24,-20.6
FLRY3,FLEURY ON NM,Serv.Méd.Hospit. Análises e Diagnósticos,Serv.Méd.Hospit. Análises e Diagnósticos,17.53,25.69,8.77,1.85,7.21,2.48,21.09,0.79,-2.83,1.46,21.64
TOTS3,TOTVS ON NM,Programas e Serviços,Programas e Serviços,32.43,26.17,10.12,4.25,16.23,1.36,17.86,0.36,-3.74,-5.62,13.83
WEGE3,WEG SA ON N1,Máquinas e Equipamentos,"Motores, Compressores e Outros",34.82,28.21,18.92,9.06,32.13,1.77,27.1,0.18,-5.66,0.65,-5.87
MATD3,MATER DEI ON NM,Serv.Méd.Hospit. Análises e Diagnósticos,Serv.Méd.Hospit. Análises e Diagnósticos,7.85,28.28,7.41,1.81,6.38,0.82,40.24,0.77,-5.99,-0.76,7.34
ONCO3,ONCOCLINICAS ON NM,Serv.Méd.Hospit. Análises e Diagnósticos,Serv.Méd.Hospit. Análises e Diagnósticos,11.99,28.84,9.29,2.86,9.9,0.0,44.83,1.63,-7.77,6.11,91.84
CCRO3,COMPANHIA DE CONCESSÕES RODOVIÁRIAS ON NM,Transporte,Exploração de Rodovias,13.71,29.65,7.38,2.18,7.37,1.41,17.18,2.39,-3.31,-2.42,28.13
PGMN3,PAGUE MENOS ON NM,Comércio e Distribuição,Medicamentos e Outros Produtos,3.6,30.87,3.59,0.76,2.47,4.23,14.27,0.68,-9.09,3.75,-11.26
ELET3,ELETROBRÁS ON,Energia Elétrica,Energia Elétrica,43.21,31.14,9.85,0.88,2.83,0.51,19.38,0.63,1.84,5.65,6.34
NUTR3,NUTRIPLANT ON,Químicos,Fertilizantes e Defensivos,9.0,31.16,17.82,3.62,11.63,0.0,34.78,0.26,115.83,122.77,221.42
GOLL4,GOL LINHAS AEREAS INTELIGENTES SA PN,Transporte,Transporte Aéreo,7.94,31.26,3.38,-0.15,-0.48,0.0,12.09,-0.47,-11.48,-7.46,-2.22
NGRD3,NEOGRID ON NM,Programas e Serviços,Programas e Serviços,1.22,31.42,4.11,0.64,2.03,1.21,7.0,0.11,-2.4,-3.94,-25.71
ARML3,ARMAC ON NM,Diversos,Aluguel de carros,15.77,32.39,11.42,4.5,13.89,1.5,184.64,1.82,-7.19,-7.95,36.72
SMFT3,SMART FIT ON NM,Viagens e Lazer,Atividades Esportivas,25.39,32.93,10.18,3.16,9.59,1.79,9.81,0.74,-2.46,3.07,75.24
YDUQ3,YDUQS PART ON,Diversos,Serviços Educacionais,20.79,34.17,6.71,1.98,5.81,1.32,8.98,1.65,-7.27,-3.79,115.45
LIPR3,LIGHTPAR ON,Energia Elétrica,Energia Elétrica,71.21,36.49,-178.46,3.88,10.64,3.46,0.0,0.0,-1.1,1.55,5.31
JOPA3,JOSAPAR S/A ON,Alimentos Processados,Alimentos Diversos,23.99,37.48,8.17,0.44,1.19,3.42,16.28,2.19,14.24,14.02,15.27
RDOR3,REDE D OR ON NM,Serv.Méd.Hospit. Análises e Diagnósticos,Serv.Méd.Hospit. Análises e Diagnósticos,28.05,38.23,9.69,2.82,7.37,1.32,41.75,1.48,-2.47,6.44,4.8
SCAR3,SÃO CARLOS EMPREEND.E PARTICIPAÇÕES S.A. ON,Exploração de Imóveis,Exploração de Imóveis,26.47,40.36,9.17,1.0,2.48,0.0,17.32,1.2,-3.75,16.1,57.09
ELMD3,ELETROMIDIA ON NM,Mídia,Publicidade e Propaganda,16.83,40.45,9.62,2.94,7.28,0.0,58.67,1.23,7.47,8.79,48.94
RENT3,LOCALIZA RENT A CAR ON,Diversos,Aluguel de carros,61.01,42.17,9.64,2.59,6.13,2.41,26.96,1.46,-4.07,0.51,16.7
CGAS3,COMPANHIA DE GÁS DE SÃO PAULO - COMGÁS ON,Gás,Gás,114.23,43.03,5.97,34.07,79.18,2.76,20.06,17.38,-6.75,-3.26,-6.26
JBSS3,JBS ON NM,Alimentos Processados,Carnes e Derivados,24.16,44.43,-3.05,1.28,2.87,4.14,17.85,2.58,-3.01,1.17,12.67
RAIL3,RUMO S.A. ON NM,Transporte,Transporte Ferroviário,23.11,44.55,10.18,2.69,6.04,0.29,11.29,1.2,0.7,4.24,27.9
RADL3,RAIADROGASIL ON,Comércio e Distribuição,Medicamentos e Outros Produtos,28.17,44.84,13.98,8.46,18.86,1.08,18.62,0.54,-4.18,0.09,23.27
AESB3,AES BRASIL ON NM,Energia Elétrica,Energia Elétrica,12.51,47.72,10.25,1.68,3.53,0.0,62.22,2.62,1.54,10.22,34.37
CEAB3,CEA MODAS ON NM,Comércio,"Tecidos, Vestuário e Calçados",7.47,49.52,2.51,0.81,1.64,0.0,16.69,0.61,-4.6,-11.28,191.8
PETZ3,PETZ ON NM,Comércio,Produtos Diversos,3.62,52.26,3.33,0.93,1.78,0.47,27.01,0.25,-8.35,-15.42,-44.17
HBSA3,HIDROVIAS ON NM,Transporte,Transporte Hidroviário,3.8,54.42,7.86,1.82,3.35,0.0,10.94,2.75,-3.55,2.43,71.95
APER3,ALPER S.A. ON,Previdência e Seguros,Corretoras de Seguros,43.72,57.75,10.25,1.79,3.1,0.74,37.78,0.11,0.76,1.34,65.72
CSAB3,COMPANHIA DE SEGUROS ALIANÇA DA BAHIA ON,Previdência e Seguros,Seguradoras,30.5,58.43,0.0,1.11,1.89,1.97,-17.83,0.0,-0.33,-12.86,1.97
ENEV3,ENEVA ON,Energia Elétrica,Energia Elétrica,12.73,60.79,9.47,1.56,2.56,0.0,35.9,1.83,-6.47,0.0,2.66
ENAT3,ENAUTA PART ON,"Petróleo, Gás e Biocombustíveis","Exploração, Refino e Distribuição",18.57,71.38,6.53,1.27,1.78,0.81,17.25,0.68,-7.57,23.14,33.92
DTCY3,DTCOM ON,Serviços Diversos,Serviços Diversos,4.51,73.72,-84.41,-30.33,-41.15,0.0,-16.58,-0.61,0.22,1.35,-5.45
NINJ3,GETNINJAS ON NM,Programas e Serviços,Programas e Serviços,4.92,83.64,1.08,0.88,1.05,0.0,3.33,0.0,-0.61,5.81,64.55
IRBR3,IRBBRASIL RE ON NM,Previdência e Seguros,Seguradoras,40.6,88.77,0.0,0.8,0.9,0.0,0.0,0.0,-8.35,-19.73,9.14
SRNA3,SERENA ON NM,Energia Elétrica,Energia Elétrica,9.83,118.32,12.41,1.21,1.02,0.0,42.25,1.86,-3.72,10.57,7.67
CRFB3,CARREFOUR BR ON NM,Comércio e Distribuição,Alimentos,11.67,125.53,6.71,1.24,0.99,1.26,17.54,1.05,-6.27,5.52,-19.67
PATI3,PANATLANTICA ON,Siderurgia e Metalurgia,Artefatos de Ferro e Aço,29.1,133.36,11.23,0.82,0.62,1.66,20.76,0.54,0.0,0.34,-20.52
SIMH3,SIMPAR ON NM,Holdings Diversificadas,Holdings Diversificadas,9.0,145.3,4.9,2.16,1.48,0.22,57.38,11.75,-6.54,2.16,25.69
MERC4,MERCANTIL BRASIL PN,Intermediários Financeiros,Soc. Crédito e Financiamento,8.0,167.15,0.0,0.58,0.35,5.63,-20.95,0.0,8.11,14.12,12.2
